"EDIT","UNAME","PWD","NAME","EMAIL","SQANS","PHONE"
"
","yogesh","yogi","aaaaaaaaaaaaaa","aaaaaaa@fff.com","asasas",""
"
","","","","","",""
"
","yogi","yogesh","adadasd","fsdfsdfsdf@sfff.com","2022","9999999999"
"
","dipak","123","aaaa","assdsdsd@vgg.ccc","ssdgfdfgdfg","32121321"
"
","","","","","",""
"
","asasa","sasas","sdsds","assdsdsd@vgg.ccc","sdasas","646546546546"
"
","asasa","asdasas","sasasas","sasas@df.dff","dsdsd","asasasasasas"
"
","sass","sasasas","asasa","asasas@dgg.ddfdsf","dsdsds","556565"
"
","","","","","",""
"
","aaaa","asas","asasas","aaa@hh.aa","When was the first time (year) you used Google?","9999999999"
"
","","","","","",""
"
","aaaa","aaa","aaaa","aaaaaa@aaaa.com","When was the first time (year) you used Google?","9999999999"
"
","aaa","aaaa","aaaa","aaaaa@fff.ddd","When was the first time (year) you used Google?","9999999999"
"
","aaaa","aaadad","aass","aaaa@ffff.ddd","When was the first time (year) you used Google?","9999999999"
"
","yogesh","yogi","yogesh","aaa@sss.ccc","When was the first time (year) you used Google?","9999999999"
